1,2
WETH,340
USDC,45
DAI,42
USDT,26
WBTC,21
TOWER,12
USDFL,10
LINK,10
UNI,10
REVV,10
YFI,9
UST,9
ABYSS,8
VSD,8
LCX,6
BOND,6
FUN,6
CTSI,6
BID,6
REQ,6
TOMO,6
ARMOR,6
JRT,6
MXX,6
CC,6
FXS,6
DYP,6
ALN,6
XUSD,6
CRU,6
USDN,5
MTLX,5
HEGIC,5
PTE,5
BAG,5
FEI,5
KYL,4
WHALE,4
DIA,4
DENA,4
DUCK,4
SIG,4
FNK,4
LBD,4
LID,4
YPLT,4
DUSD,4
OCC,4
SPDR,4
XVIX,4
MARK,4
GALA,4
ZOM,4
BANK,4
FLY,4
DHC,4
BAT,4
OPT,4
PIS,4
TLOS,4
LMT,4
DAWN,4
KP3R,4
XFIT,4
DRC,4
XOR,4
LIT,4
NCT,4
BTSE,4
DEFLCT,4
TACO,4
FARM,4
NEXO,4
RWS,4
CHERRY,4
BDT,4
RAD,4
ORN,4
ETHA,4
TANGO,4
BAC,4
LRC,4
PPAY,4
MYFI,4
YFT,4
ROCKS,4
ESD,4
MKR,4
YFL,4
HUB,4
AKRO,4
ARES,4
MQL,4
SOCKS,4
SWISS,4
GEEQ,4
GLF,4
DRGN,4
YIELD,4
FUSE,4
GRAIN,4
XIO,4
GHST,4
DZAR,4
XKI,4
TAP,4
C20,4
STBU,4
SHD,4
WOO,4
LYM,4
FORTH,4
OCTO,4
MPH,4
LEASH,4
KIMCHI,4
OPEN,4
TUSD,4
RAI,4
VID,4
UMA,4
PEAK,4
ALBT,4
TIME,4
AAVE,4
LINA,4
SLICE,4
SRK,4
GUM,4
SHAKE,4
SAND,4
LOCK,4
UNN,4
REN,4
HAKKA,4
MSWAP,4
FRAX,4
HOT,4
JEM,4
PRT,4
DEUS,4
SPH,4
HGET,4
CORN,4
IDL,4
ZHEGIC,3
XFI,3
USE,3
DORA,3
YFII,3
UOS,3
FIRE,3
TEND,3
BADGER,3
TEN,3
AGAR,3
XDB,3
STA,3
BONDLY,3
PSK,3
DSS,3
KEYFI,3
MIR,3
WGR,3
DSD,3
PLU,3
BAND,3
TRU,3
AMP,3
FET,3
PUSD,3
AGA,3
BOOB,2
VOX,2
DEPAY,2
FKX,2
TRISM,2
UNIFI,2
STR,2
DFT,2
KOIN,2
YFKA,2
XFII,2
FREL,2
FMG,2
CHOW,2
MXT,2
WNRZ,2
MOONS,2
WPP,2
CYTR,2
SURE,2
gKIMCHI,2
POLIS,2
BULK,2
YPRO,2
GFARM2,2
GEO,2
SAM,2
PWC,2
BCS,2
STETH,2
QSP,2
FMT,2
BCVT,2
MOVE,2
SUP8EME,2
WSF,2
MASK,2
BTSG,2
UNDG,2
PFI,2
YFIM,2
RI,2
DTX,2
MMAON,2
LOTTO,2
1MIL,2
VOICE,2
EXRT,2
YFIII,2
HLAND,2
NYAN-2,2
KONG,2
WOWS,2
MWBTC,2
SNT,2
BIFI,2
L2,2
RSV,2
KTLYO,2
KIF,2
XIV,2
FYZNFT,2
2BASED,2
WCCX,2
GMT,2
GNY,2
WHL,2
ZYRO,2
FWB,2
EMN,2
ADD,2
CBET,2
SOGE,2
RNB,2
RAM,2
CHADS,2
RIGEL,2
1337,2
WLEO,2
SOAR,2
BUND,2
LEAD,2
SALT,2
IGG,2
RAK,2
AXIA,2
BNSD,2
MODEX,2
MWG,2
CORA,2
AVS,2
ALMX,2
SYNC,2
RFI,2
YBREE,2
YFSI,2
YFFS,2
CVC,2
PAN,2
WQT,2
PFARM,2
EYE,2
BIST,2
$FDD,2
MILK2,2
NDS,2
N3RDz,2
MEGA,2
COVAL,2
YAMV2,2
AIRX,2
FLASH,2
FMTA,2
FOAM,2
WVG0,2
AIN,2
FX,2
WAXE,2
DCN,2
JGN,2
NEST,2
UDOO,2
SATA,2
GYSR,2
WG0,2
PNGN,2
COR,2
TBB,2
DFST,2
ZIG,2
HIPPO,2
AZUKI,2
BUSY,2
IDEX,2
NRG,2
CLT,2
WZEC,2
YSKF,2
NRCH,2
REVO,2
PERI,2
PHNX,2
RAGE,2
GHX,2
CATE,2
SUSD,2
CREED,2
VVT,2
ECO,2
DEV,2
PRO,2
MLT,2
BART,2
TRO,2
MARKO,2
SPICE,2
DFSOCIAL,2
PIE,2
WSCRT,2
mAMZN,2
MATH,2
OXY,2
FOUR,2
ARGO,2
XRGE,2
GAME,2
MIXS,2
BFT,2
GOF,2
VAI,2
DEGOV,2
DOKI,2
MAPS,2
CBSN,2
LEO,2
CUR,2
OLY,2
MXC,2
SGT,2
STND,2
WOZX,2
TKN,2
MINDS,2
BOR,2
KIT,2
CVT,2
XCM,2
BXIOT,2
LOCG,2
MFG,2
LML,2
DOUGH,2
HD,2
ZDEX,2
PRY,2
EVED,2
BT,2
UNT,2
COV,2
DXD,2
SLINK,2
MINI,2
CON,2
INXT,2
SEPA,2
ALOHA,2
BCUG,2
TYC,2
ALICE,2
SMARTCREDIT,2
GR,2
CSM,2
BITT,2
SPAD,2
POWER,2
SAV3,2
FDO,2
yVault LP-yCurve(YYCRV),2
VLT,2
CLBR,2
UNICORE,2
NOW,2
DEXG,2
GNSH,2
SERGS,2
GEN,2
AWC,2
OKB,2
BUILD,2
XDEX,2
TROP,2
REM,2
VI,2
ACXT,2
WHITE,2
PROPS,2
UPI,2
MORA,2
ASKO,2
NFTX,2
YFF,2
ALPA,2
GRID,2
QUAI,2
ISLA,2
SUNI,2
KEK,2
PLR,2
YAM,2
ZUT,2
SWM,2
ROOBEE,2
SST,2
LOOT,2
BCDT,2
DNS,2
BEST,2
GRUMPY,2
XDNA,2
HBTC,2
MRCH,2
XSP,2
ELE,2
XPB,2
NOODLE,2
FRMS,2
YFP,2
YFUEL,2
YI12,2
SSS,2
TON,2
YFBETA,2
YFIB,2
HOUSE,2
FSP,2
VESTA,2
WENB,2
BLZN,2
COIL,2
YFIE,2
LIB,2
CAMO,2
ICNQ,2
FORS,2
FACT,2
MBN,2
AXI,2
OBEE,2
OWL,2
BLV,2
ZAC,2
PJM,2
YFE,2
CXN,2
MANY,2
YFIKING,2
MAFI,2
SODA,2
PRINT,2
ATIS,2
TRBT,2
XMM,2
ON,2
FHSE,2
PRDX,2
NEWTON,2
ORBI,2
YMPL,2
YMAX,2
TLN,2
VERI,2
DESH,2
DXIOT,2
YELD,2
MBC,2
DXH,2
VYBE,2
ETGF,2
SCHA,2
ALD,2
GVY,2
CLOUT,2
STV,2
BSJ,2
EQMT,2
YFPRO,2
YODA,2
SHUF,2
TRYB,2
BSOV,2
RAIN,2
SVB,2
PARTY,2
FRENS,2
DYT,2
BIKI,2
KGW,2
PERX,2
Lburst,2
ESWA,2
sBTC,2
SUKU,2
CHESS,2
KASH,2
TRUST,2
3Cs,2
AST,2
DMME,2
HAUT,2
YLAB,2
YFED,2
ZZZV2,2
TME,2
MYTHIC,2
TTN,2
ZCR,2
XST,2
NWC,2
HERO,2
BBP,2
WXMR,2
GLOX,2
XDEF2,2
FCX,2
VAULTZ,2
DSWAP,2
SAS,2
DFR,2
3XT,2
SETH,2
PRVS,2
BASX,2
DEXM,2
WSHIFT,2
FOL,2
LAND,2
LDFI,2
SENPAI,2
AG8,2
KYTE,2
DELTA,2
COPS,2
USDF,2
DRT,2
METH,2
ASI,2
AGRS,2
XRA,2
VOW,2
PING,2
SIMBA,2
XETH-G,2
GRPL,2
IPM,2
BLOODY,2
$NOOB,2
LOAD,2
TEAT,2
DFIN,2
MNTP,2
N0031,2
SMPL,2
stFIRO,2
LMS,2
mBABA,2
yBAN,2
CHARGED,2
YRISE,2
INSTAR,2
YFDOT,2
YEFIM,2
CRAFT,2
MNE,2
LIQUID,2
KNV,2
CP3R,2
XFYI,2
mMSFT,2
mUSO,2
mIAU,2
PRDZ,2
BSE,2
BNFI,2
ACX,2
IOV,2
ELYX,2
WAV3,2
STPL,2
OBR,2
GPYX,2
YLFI,2
PROPHET,2
KOMET,2
KP2R,2
FIN,2
WCK,2
BREE,2
COMB,2
UBOMB,2
NDR,2
REB2,2
MP3,2
DFD,2
BLY,2
VAMP,2
dART,2
JUICE,2
DUSK,2
VLO,2
AC,2
VSPACEX,2
TOB,2
SUTER,2
DFF,2
DTH,2
R3FI,2
BACON,2
COT,2
BLFI,2
BLT,2
YFTE,2
SWSH,2
FLUX,2
KP4R,2
FMA,2
MASQ,2
KSEED,2
MINTY,2
SHRIMP,2
DEFLA,2
SKM,2
U8D,2
BITTO,2
JIAOZI,2
EDI,2
BGTT,2
ELT,2
STONK,2
REL,2
RPEPE,2
AVT,2
DETO,2
SWFL,2
MVT,2
BAEPAY,2
RDN,2
YFIS,2
IYF,2
ARTEON,2
CAG,2
MYX,2
DJ15,2
GRG,2
XCHF,2
BOOST,2
PRQBOOST,2
XBE,2
STOP,2
SLM,2
FERA,2
MUST,2
SOFI,2
DGVC,2
WBIND,2
B21,2
EL,2
GOGO,2
JPYC,2
INT,2
STBZ,2
SPORE,2
CNTR,2
SHARE,2
CV,2
NEXT,2
VOLTS,2
CENNZ,2
FUD,2
mSLV,2
UMBR,2
SCT,2
RFCTR,2
ENCX,2
ENB,2
PPBLZ,2
yTSLA,2
OXEN,2
LYNC,2
TERN,2
STXEM,2
STGZ,2
BTAP,2
YFIEC,2
AER,2
ESH,2
SOME,2
FNSP,2
TKMN,2
HUNT,2
VSN,2
YNK,2
YF4,2
SMOL,2
DEOR,2
EER,2
NYB,2
PTERIA,2
WLT,2
VIB,2
CHOP,2
TCORE,2
PSHP,2
BAST,2
KEN,2
COM,2
CBR,2
STOGE,2
CO2,2
WAR,2
TENS,2
MOONDAY,2
$PIR,2
KCAL,2
PKG,2
NAMI,2
YUP,2
NUG,2
UNIUSD,2
MRS,2
UBXT,2
ENOL,2
STKR,2
PBASE,2
TBX,2
XNS,2
STEEL,2
TESLF,2
YFOX,2
BDOGE,2
SETS,2
MYST,2
UPP,2
WINR,2
XGG,2
CBC,2
EURXB,2
WTF,2
ULT,2
SYN,2
PERL,2
$AAPL,2
CORX,2
PAYT,2
LMY,2
CURE,2
YEET,2
SPN,2
YFID,2
MCDC,2
PoSH,2
ONS,2
FOR,2
NOAHP,2
YFD,2
YEA,2
BFR,2
BRD,2
VIDYA,2
RISE,2
UNO,2
PCNT,2
LPOOL,2
MPL,2
UNISTAKE,2
MARSH,2
CFi,2
CORE,2
1UP,2
POLC,2
DOS,2
RENZEC,2
PSWAP,2
STORJ,2
FROGE,2
CHIHUA,2
STACK,2
SOUL,2
CHR,2
YKZ,2
LAYER,2
MITX,2
HNZO,2
URUS,2
UBT,2
NMR,2
CAPS,2
SPC,2
PARA,2
PLOT,2
LABRA,2
KTN,2
MANA,2
API3,2
SHEESHA,2
ARCH,2
URQA,2
MCH,2
SOTA,2
DOWS,2
XMON,2
DODO,2
GLM,2
N1,2
UNIDX,2
RSR,2
RUNE,2
LQTY,2
NORD,2
BMI,2
MONA,2
eMTRG,2
POOLZ,2
HXRO,2
GIVE,2
NAOS,2
PKF,2
MDX,2
AUSCM,2
DEFX,2
ISLE,2
ARTX,2
TRADE,2
YOP,2
HBT,2
VPP,2
XTK,2
DVI,2
IDEA,2
STAKE,2
CELR,2
DG,2
XSGD,2
SDAO,2
BHIBA,2
MOMA,2
YFO,2
SRM,2
DOGEFI,2
S4F,2
DHV,2
QUICK,2
SDX,2
VEE,2
mQQQ,2
arNXM,2
CHSB,2
LGO,2
RLC,2
MUTE,2
XFUND,2
SNOGE,2
ARTE,2
TRAC,2
YFS,2
VETH,2
RING,2
OIN,2
ZCN,2
FRM,2
ETHMNY,2
LGCY,2
CGG,2
DEXTF,2
ZEE,2
PNODE,2
BNF,2
VGX,2
BFC,2
DATA,2
DF,2
DVPN,2
WAIF,2
wSIENNA,2
XYO,2
ALEPH,2
SX,2
ETHBN,2
MBX,2
TFT,2
CUDOS,2
INSUR,2
pETH18C,2
OPIUM,2
RNDR,2
ADX,2
PROS,2
NSURE,2
PUP,2
XFT,2
CE,2
$ANRX,2
VNLA,2
CYC,2
UNCL,2
PNT,2
RLR,2
SAKE,2
CARD,2
WORLD,2
PROT,2
YFARM,2
CVR,2
DEGO,2
GEAR,2
CLS,2
DOV,2
LTO,2
BIRD,2
DOGIRA,2
CHONK,2
CAP,2
INV,2
CHART,2
OXT,2
LTX,2
wANATHA,2
LDO,2
DOGES,2
CEL,2
JUP,2
NII,2
PIKA,2
NIIFI,2
FXF,2
REDPANDA,2
PNK,2
1INCH,2
DAO,2
KEEP,2
LABS,2
POND,2
HEX,2
MIST,2
AUDIO,2
NOIA,2
MUNCH,2
MTA,2
DFYN,2
BLANK,2
KLEE,2
QNT,2
STC,2
CHI,2
USHIBA,2
BUNNY,2
SPI,2
MUSE,2
PERP,2
FTM,2
SHIBAKEN,2
OGN,2
XRT,2
VSP,2
RFOX,2
AUCTION,2
GERO,2
PAID,2
NEBO,2
KEANU,2
PUSSY,2
10SET,2
ERN,2
ZOOT,2
STAK,2
SWAG,2
RAZOR,2
DIREWOLF,2
STRONG,2
MATIC,2
DISTX,2
AKITA,2
CARDS,2
KISHU,2
SHIB,2
EMAX,2
ERSDL,2
ELONONE,2
NAWA,2
FEG,2
SUPERBID,2
SNX,2
ELON,2
COMP,2
DPI,2
DEXT,2
BSOCIAL,2
TEAM,2
NFY,2
MILF,2
ETH2X-FLI,2
ANT,2
TORN,2
GLCH,2
SHROOM,2
CELL,2
$HINA,2
LUSD,2
UNCX,2
SXP,2
AXN,2
xBTC,2
RIFT,2
BAO,2
DEA,2
RAMP,2
DSTR,2
SDT,2
wCRES,2
MINT,2
UDT,2
KFC,2
POP!,2
EVN,2
UFT,2
PAINT,2
GNO,2
$KEI,2
RENA,2
OVOA,2
ATD,2
AWF,2
RVP,2
UMB,2
BNT,2
MoFi,2
ORAI,2
GLQ,2
LSS,2
FST,2
BAL,2
MRPH,2
WOMI,2
APY,2
GET,2
K21,2
JSHIBA,2
COSHI,2
NMP,2
LON,2
SKEY,2
SUSHI,2
mGOOGL,2
YAXIS,2
POOL,2
SFI,2
QRX,2
PMON,2
UNIQ,2
KWIK,2
POLS,2
SKL,2
PAXG,2
DEC,2
PRQ,2
OM,2
NUX,2
WISE,2
PICKLE,2
MATTER,2
GUSD,2
RAZE,2
SDOG,2
RPL,2
NU,2
SHIH,2
CHZ,2
LESS,2
OCEAN,2
MTI,2
MCB,2
VRX,2
PYR,2
EXRD,2
DSLA,2
UMX,2
ELONGD,2
NDX,2
RAY,2
CDT,2
DIGI,2
QTF,2
ALPHR,2
DCTD,2
LIEN,2
FONT,2
CWS,2
ELAND,2
ELX,2
FLX,2
TSD,2
SWG,2
MPS,2
BDOG,2
CHAL,2
RAUX,2
LOOM,2
WILD,2
ARVO,2
PAX,2
YFW,2
DGCL,2
PAY,2
ZUZ,2
CXO,2
LIMIT,2
PBR,2
NIF,2
GDAO,2
CHINU,2
AGVC,2
DEFIT,2
MDT,2
SLP,2
COVER,2
DANDY,2
LIBERTAS,2
TONE,2
TXL,2
SHOPX,2
OIL,2
BURNX,2
TSX,2
DANK,2
TBC,2
COIN,2
ETHM,2
SEAL,2
DEGEN,2
RARE,2
JINDOGE,2
KRL,2
INFI,2
VXV,2
OVR,2
ROYA,2
CHM,2
BZRX,2
CTI,2
DARK,2
TTT,2
CTASK,2
erowan,2
EBOX,2
ARTH,2
$TRDL,2
LEV,2
GRO,2
KONO,2
SWRV,2
KANGAL,2
ARA,2
HATCH,2
DEBA,2
MCP,2
B26,2
KEX,2
YAE,2
RELI,2
DENT,2
COMFI,2
RBC,2
APES,2
VBZRX,2
BALPHA,2
PAMP,2
0xBTC,2
PAND,2
SS,2
BASE,2
IMX,2
MTHD,2
DICK,2
RENDOGE,2
LKR,2
IHF,2
YFPI,2
CLIQ,2
DUCATO,2
RPT,2
BAS,2
DNT,2
WNXM,2
YETI,2
FREE,2
GETH,2
pBTC35A,2
FVT,2
UCT,2
QFI,2
PRIA,2
POLY,2
ROOM,2
SNTVT,2
DDOS,2
PLE,2
AIOZ,2
PREMIA,2
ELET,2
ZEFU,2
IFUND,2
BPP,2
KLON,2
MOON,2
DWZ,2
CREAM,2
INDEX,2
AMN,2
PRARE,2
PACT,2
JUL,2
PAR,2
TOKEN,2
YFI3,2
REBASE,2
FINU,2
BYN,2
ARCONA,2
$ROPE,2
KEL,2
XIOT,2
DON,2
UTU,2
EPAN,2
UNL,2
CC10,2
EQZ,2
USDX,2
IDLE,2
KTON,2
LPL,2
KIRO,2
Mars,2
MVI,2
ETHO,2
mTSLA,2
PBTC,2
SAR,2
GSWAP,2
YFMB,2
YFIIG,2
FRY,2
TOTM,2
SCAT,2
$BASED,2
SEFI,2
AAPX,2
SWFTC,2
MLN,2
SSL,2
MET,2
VALUE,2
FYZ,2
CAVO,2
ROUTE,2
DOP,2
LOCC,2
UBA,2
CAT,2
MAHA,2
EWT,2
COLL,2
CVP,2
DIS,2
OUSD,2
OMG,2
GST2,2
DVG,2
TKINU,1
EXRN,1
ENJ,1
FL,1
RGT,1
YLD,1
TRND,1
CWAP,1
MEE,1
ISP,1
VRA,1
VIBE,1
AMPL,1
MEL,1
MUSD,1
DGTX,1
FSW,1
ID,1
SNOW,1
DIP,1
COTI,1
mTWTR,1
LION,1
UQC,1
ATRI,1
NFT,1
GRT,1
MCHC,1
RIO,1
HAPI,1
CNFI,1
ICE,1
PEGS,1
REEF,1
YFFC,1
DOTX,1
PAYOU,1
ETHY,1
ESS,1
PSI,1
SWAP,1
DST,1
BEZOGE,1
BSKT,1
VISION,1
BCC,1
MIS,1
CONV,1
CUMINU,1
METRIC,1
DEFT,1
FEAST,1
ROOK,1
mNFLX,1
mVIXY,1
RFR,1
TRI,1
SANSHU,1
PROM,1
VISR,1
WCELO,1
WCUSD,1
WARP,1
PTF,1
WSTA,1
ORAO,1
KALLY,1
ZIOT,1
NCDT,1
TRIBE,1
A,1
CHP,1
IND,1
POLK,1
ZCX,1
PAPER,1
SHLD,1
SALE,1
GMEE,1
GTC,1
RAC,1
HOKK,1
MOD,1
MD+,1
B20,1
FERRARI,1
INJ,1
KPER,1
DFX,1
ENCORE,1
CATX,1
BUCC,1
ZERO,1
MEME,1
HOGE,1
SUPER,1
GIV,1
ANY,1
VIDT,1
TVK,1
MFT,1
USDQ,1
QDAO,1
SHOKK,1
NBU,1
YUNO,1
DOBE,1
ZKS,1
BLACK,1
DFIO,1
YFILD,1
YMEN,1
FRMX,1
7ADD,1
LK3R,1
PDEX,1
UNOS,1
DONUT,1
ZUM,1
STACY,1
YVS,1
OLCF,1
UWL,1
YFIVE,1
CACXT,1
C3,1
xDOT,1
FOTO,1
PRISM,1
MCN,1
DELTA-RLP,1
UTY,1
YFOS,1
YFMS,1
STAR,1
YFI2,1
FNX,1
ZAI,1
GLAD,1
ETHYS,1
RENFIL,1
2KEY,1
OPCT,1
ADAO,1
EAURIC,1
XSTAR,1
ASTRO,1
YF-DAI,1
OBOT,1
ROOT,1
ZIPT,1
PUX,1
MUSH,1
HOPR,1
STARS,1
ONG,1
UFR,1
USF,1
NEX,1
BOTS,1
ZUSD,1
R34P,1
MM,1
SMI,1
WOA,1
DEFO,1
TTX,1
FRONT,1
RYIP,1
RLY,1
PINT,1
METM,1
BMH,1
WOOFY,1
CPTE,1
SVX,1
AXS,1
ALLWIN,1
XEND,1
RARI,1
DEXE,1
VEN,1
ZORA,1
FWT,1
ZLOT,1
ROBO,1
ELENA,1
GFX,1
CRV,1
EQUAD,1
MCO2,1
SI,1
YSEC,1
YFBT,1
UTK,1
DONK,1
SAFEEARTH,1
ORO,1
HAUS,1
APYS,1
8PAY,1
ORCL5,1
PRE,1
UDO,1
UBX,1
DFND,1
MP4,1
HEROES,1
FIS,1
SYLO,1
WISH,1
GAINS,1
VNTW,1
PHTR,1
XCUR,1
FTX,1
FAST,1
GGTK,1
FAI,1
PHIBA,1
FCL,1
NIOX,1
DSCPL,1
BCP,1
VAL,1
CGT,1
SURF,1
BAMBOO,1
RAE,1
FLIXX,1
ONX,1
DPR,1
DAIQ,1
HY,1
YFIAG,1
TKING,1
COL,1
BDP,1
RAINI,1
SAITO,1
ELA,1
COOK,1
CORGI,1
HEZ,1
CRBN,1
FNT,1
WENR,1
DHT,1
TRY,1
GYEN,1
DNA,1
SQRT,1
GS,1
ODDZ,1
EURS,1
VTX,1
aEth,1
BLES,1
HUE,1
LUA,1
MCX,1
HYVE,1
DAOFI,1
AXPR,1
HUSKY,1
SHR,1
AHF,1
DAFI,1
SHO,1
EDDA,1
PXT,1
MORK,1
DEBASE,1
BOSON,1
YNI,1
GOVI,1
RUGZ,1
PUSH,1
XGT,1
YLAND,1
ITS,1
EMON,1
L3P,1
FR,1
DEGENS,1
WHOLE,1
MFI,1
FLEX,1
PPDEX,1
EXNT,1
RBASE,1
ARIA20,1
NTVRK,1
NAME,1
XAMP,1
CUBE,1
BET,1
KBTC,1
DDIM,1
ZCK,1
EROTICA,1
CHAIN,1
KOBE,1
BBANK,1
NGM,1
BFLY,1
HVN,1
UNDB,1
DAM,1
SHFT,1
RVF,1
DMST,1
RZN,1
UPR,1
XPR,1
TOSHI,1
XED,1
ONC,1
ETHIX,1
GASG,1
DDS,1
NFTI,1
GEMS,1
ALPHA,1
ibETH,1
CRD,1
LAYERX,1
$COIN,1
TRIB,1
GTH,1
SEEN,1
SASHIMI,1
ARPA,1
BEPRO,1
mAAPL,1
YFBTC,1
ROT,1
CLVA,1
CEZ,1
DETS,1
A5T,1
